Čtvrť	N
pro	R
diplomaty	N

Výstavbu	N
diplomatické	A
čtvrti	N
v	R
hlavním	A
městě	N
se	R
zhruba	D
400	C
rodinnými	A
domy	N
pro	R
ubytování	N
pracovníků	N
zastupitelských	A
úřadů	N
,	Z
a	J
zejména	D
zaměstnanců	N
rádia	N
Svobodná	A
Evropa	N
připravuje	V
pražská	A
radnice	N
.	Z

Podle	R
slov	N
pražského	A
primátora	N
Jana	N
Koukala	N
by	V
tato	P
čtvrť	N
měla	V
vzniknout	V
během	R
roku	N
a	J
půl	C
.	Z

Radnice	N
hledá	V
vhodné	A
místo	N
s	R
ohledem	N
na	R
bezpečnost	N
.	Z

Podle	R
předběžných	A
ujednání	N
by	V
hlavní	A
město	N
poskytlo	V
na	R
vybudování	N
čtvrti	N
svůj	P
pozemek	N
a	J
česká	A
vláda	N
by	V
zajistila	V
půjčku	N
na	R
financování	N
stavebních	A
prací	N
.	Z

Americká	A
strana	N
má	V
po	R
dokončení	N
projektu	N
splatit	V
výstavbu	N
týkající	A
se	P
Svobodné	A
Evropy	N
.	Z

Mladí	A
lidé	N
nechodí	V
do	R
divadel	N
často	D

Praha	N
-	Z

Návštěvy	N
kin	N
a	J
divadel	N
patří	V
mezi	R
méně	D
časté	A
aktivity	N
mladých	A
lidí	N
v	R
České	A
republice	N
.	Z

Vyplynulo	V
to	P
z	R
únorového	A
a	J
květnového	A
výzkumu	N
Institutu	N
dětí	N
a	J
mládeže	N
ministerstva	N
školství	N
,	Z
mládeže	N
a	J
tělovýchovy	N
,	Z
který	P
pracoval	V
s	R
758	C
respondenty	N
ve	R
věku	N
15	C
až	J
29	C
let	N
.	Z

Do	R
divadla	N
vůbec	D
nechodí	V
46	C
procent	N
mladých	A
lidí	N
,	Z
do	R
kina	N
12	C
procent	N
.	Z

Oproti	R
tomu	P
alespoň	D
jednou	C
týdně	D
navštíví	V
divadlo	N
1	C
procento	N
populace	N
v	R
tomto	P
věku	N
,	Z
do	R
kina	N
se	P
takto	D
často	D
vypraví	V
17	C
mladých	A
ze	R
sta	N
.	Z

tipy	N
Dnes	D

Ruby	N
-	Z

Americké	A
filmové	A
drama	N
režiséra	N
Johna	N
Mackenzieho	N
,	Z
po	R
Stoneově	A
paradokumentární	A
rekonstrukci	N
jménem	N
JFK	N
další	A
fikci	N
o	R
možném	A
pozadí	N
atentátu	N
na	R
J	N
.	Z
F	N
.	Z
Kennedyho	N
,	Z
uvádí	V
od	R
včerejška	N
pražské	A
kino	N
Kotva	N
.	Z

Klaus	N
Maria	N
Brandauer	N
-	Z

Populární	A
rakouský	A
herec	N
,	Z
u	R
nás	P
známý	A
zejména	D
z	R
filmů	N
Mefisto	N
,	Z
Plukovník	N
Redl	N
a	J
Vzpomínky	N
na	R
Afriku	N
,	Z
vystoupí	V
v	R
neděli	N
od	R
11.00	C
hod	N
v	R
pražském	A
Studiu	N
Labyrint	N
se	R
čtením	N
z	R
díla	N
Friedricha	N
Torberga	N
.	Z

Deset	C
minut	N
s	R
.	Z
.	Z
.	Z
-	Z

Čína	N
přesedlává	V
z	R
kol	N
na	R
auta	N

Peking	N
-	Z

Čína	N
sází	V
na	R
výrobu	N
automobilů	N
:	Z
v	R
této	P
klasické	A
zemi	N
jízdních	A
kol	N
byla	V
podle	R
posledního	A
vydání	N
listu	N
Business	N
Weekly	D
vedoucí	A
domácí	A
automobilce	N
poskytnuta	V
vládní	A
dotace	N
250	C
milionů	N
USD	N
,	Z
zatímco	J
výrobci	N
jízdních	A
kol	N
hlásí	V
za	R
první	C
pololetí	N
podstatný	A
pokles	N
odbytu	N
,	Z
uvedla	V
agentura	N
DPA	N
.	Z

Zmíněná	A
čtvrtmiliardová	A
dotace	N
byla	V
poskytnuta	V
automobilce	N
Tianjin	A
Automotive	A
Industry	N
Corp	N
.	Z
na	R
zvýšení	N
výroby	N
ze	R
současných	A
60	C
tisíc	C
na	R
150	C
tisíc	C
vozů	N
ročně	D
.	Z

Společnost	N
vyrábí	V
model	N
Charade	N
japonské	A
automobilky	N
Daihatsu	N
,	Z
který	P
je	V
v	R
Číně	N
používán	V
mimo	R
jiné	A
jako	J
taxi	N
.	Z

Uzavřená	A
kapitola	N

Od	R
1	C
.	Z
března	N
tohoto	P
roku	N
na	R
pražskou	A
burzu	N
přibude	V
677	C
emisí	N
akcií	N
z	R
druhé	A
vlny	N
kupónové	A
privatizace	N
.	Z

Spolu	D
s	R
nimi	P
potom	D
184	C
emisí	N
,	Z
se	R
kterými	P
už	D
burza	N
obchodovala	V
,	Z
ale	J
jejichž	P
část	N
až	T
dosud	D
z	R
nejrůznějších	A
důvodů	N
byla	V
ve	R
vlastnictví	N
Fondu	N
národního	A
majetku	N
.	Z

Celkový	A
počet	N
obchodovaných	A
titulů	N
tak	D
na	R
burze	N
dosáhne	V
úctyhodného	A
čísla	N
1738	C
.	Z

Investorská	A
veřejnost	N
nyní	D
netrpělivě	D
očekává	V
,	Z
jaké	P
výchozí	A
ceny	N
burza	N
stanoví	V
.	Z

Hádankou	N
samozřejmě	D
nejsou	V
kursy	N
akcií	N
známých	A
z	R
první	C
vlny	N
,	Z
se	R
kterými	P
se	P
už	D
na	R
burze	N
obchoduje	V
.	Z

Dva	C
rekordy	N
najednou	D

Perkins	N
plaval	V
1500	C
m	N
průměrem	N
58.77	C
na	R
100	C
m	N

Victoria	N
-	Z

Dva	C
světové	A
rekordy	N
v	R
jediném	A
závodu	N
při	R
Hrách	N
Britského	A
společenství	N
národů	N
vytvořil	V
Australan	N
Kieren	N
Perkins	N
.	Z

Olympijský	A
vítěz	N
v	R
plaveckém	A
maratónu	N
zdolal	V
1500	C
m	N
volným	A
způsobem	N
v	R
čase	N
14	C
:	Z
41.66	C
,	Z
čímž	P
překonal	V
o	R
1.82	C
svůj	P
nejlepší	A
výkon	N
z	R
Barcelony	N
1992	C
.	Z

Současně	D
mu	P
naměřili	V
rozhodčí	N
mezičas	N
na	R
800	C
m	N
7	C
:	Z
46.00	C
,	Z
což	P
je	V
lepší	A
o	R
0.6	C
s	N
než	J
jeho	P
vlastní	A
rekord	N
z	R
února	N
1992	C
.	Z

Perkins	N
dosáhl	V
průměru	N
58.77	C
na	R
sto	N
metrů	N
.	Z

Program	N
odpovědnosti	N
v	R
chemii	N

Praha	N
-	Z

Zásady	N
mezinárodního	A
programu	N
Odpovědné	A
podnikání	N
v	R
chemii	N
-	Z
Responsible	A
Care	N
(	Z
RC	N
)	Z
rozeslal	V
Svaz	N
chemického	A
průmyslu	N
jednotlivým	A
společnostem	N
,	Z
které	P
se	P
k	R
RC	N
přihlásily	V
,	Z
v	R
prosinci	N
minulého	A
roku	N
.	Z

Během	R
letošního	A
března	N
až	J
dubna	N
by	V
měl	V
být	V
zpracován	V
jako	J
svazový	A
program	N
.	Z

Jak	D
sdělil	V
spolupracovník	N
svazu	N
pro	R
otázky	N
ochrany	N
prostředí	N
Ivan	N
Zíka	N
,	Z
dobrovolný	A
program	N
RC	N
vyhlásila	V
mezinárodní	A
organizace	N
svazů	N
chemie	N
CEFIC	N
v	R
roce	N
1986	C
na	R
základě	N
zkušeností	N
získaných	A
od	R
roku	N
1984	C
v	R
Kanadě	N
.	Z

Program	N
navazuje	V
na	R
standardizaci	N
ISO	N
9000	C
.	Z

Sociální	A
demokrati	N
vypracovali	V
základní	A
verzi	N
svého	P
volebního	A
programu	N

Praha	N
-	Z

Ochrana	N
životního	A
prostředí	N
,	Z
hospodářský	A
rozvoj	N
a	J
rozvoj	N
sociální	A
sféry	N
budou	V
hlavními	A
pilíři	N
politiky	N
české	A
sociální	A
demokracie	N
.	Z

Uvádí	V
se	P
to	P
v	R
návrhu	N
volebního	A
programu	N
s	R
názvem	N
"	Z
Společnost	N
vzdělání	N
,	Z
spoluúčasti	N
a	J
solidarity	N
,	Z
"	Z
který	P
má	V
schvalovat	V
dubnový	A
sjezd	N
ČSSD	N
.	Z

Politika	N
v	R
sociální	A
oblasti	N
musí	V
podle	R
návrhu	N
ČSSD	N
napomáhat	V
k	R
získání	N
spravedlivé	A
odměny	N
za	R
práci	N
.	Z

"	Z
Každý	A
musí	V
mít	V
právo	N
získávat	V
obživu	N
ve	R
svobodně	D
zvoleném	A
zaměstnání	N
,	Z
"	Z
uvádí	V
se	P
v	R
dokumentu	N
.	Z

Výkon	N
sociální	A
politiky	N
by	V
měl	V
být	V
zakotven	V
ve	R
sféře	N
státu	N
.	Z

Hovory	N
v	R
Lánech	N

Výběr	N
z	R
pravidelného	A
rozhovoru	N
s	R
prezidentem	N
Václavem	N
Havlem	N
,	Z
vysílaného	A
Českým	A
rozhlasem	N
Před	R
námi	P
bude	V
zajímavý	A
rok	N
.	Z

Mám	V
se	P
v	R
prosinci	N
v	R
Budapešti	N
účastnit	V
summitu	N
Konference	N
o	R
bezpečnosti	N
a	J
spolupráci	N
v	R
Evropě	N
.	Z

Tato	P
instituce	N
vznikla	V
ještě	D
v	R
době	N
bipolárního	A
rozdělení	N
světa	N
a	J
teď	D
hledá	V
svoji	P
identitu	N
,	Z
hledá	V
svůj	P
smysl	N
,	Z
vizi	N
svého	P
budoucího	A
poslání	N
.	Z

Pak	D
se	P
mám	V
účastnit	V
v	R
lednu	N
summitu	N
členských	A
zemí	N
Rady	N
bezpečnosti	N
,	Z
bude	V
50	C
.	Z
výročí	N
založení	N
OSN	N
.	Z

S	R
cílem	N
prorazit	V
maltský	A
beton	N

Opava	N
(	Z
šv	N
,	Z
sn	N
)	Z
-	Z

S	R
jednoznačným	A
cílem	N
vyhrát	V
v	R
Opavě	N
nad	R
Maltou	N
vstupuje	V
dnes	D
do	R
kvalifikace	N
ME	N
fotbalový	A
tým	N
ČR	N
do	R
21	C
let	N
.	Z

Vítěz	N
skupiny	N
postoupí	V
do	R
bojů	N
o	R
evropský	A
a	J
má	V
velmi	D
pravděpodobnou	A
účast	N
na	R
OH	N
1996	C
v	R
Atlantě	N
.	Z

Malťany	N
jsem	V
osobně	D
hrát	V
neviděl	V
,	Z
ale	J
podle	R
mých	P
informací	N
mají	V
vše	P
postavené	A
na	R
obraně	N
,	Z
zabetonují	V
se	P
před	R
šestnáctkou	N
a	J
natahují	V
čas	N
.	Z

Musíme	V
být	V
hlavně	D
trpěliví	A
,	Z
říká	V
trenér	N
českého	A
výběru	N
Ivan	N
Kopecký	N
.	Z

Dvakrát	C
o	R
mistra	N
světa	N

Praha	N
-	Z

V	R
září	N
začnou	V
souběžně	D
dva	C
šachové	A
zápasy	N
,	Z
jejichž	P
vítězové	N
si	P
budou	V
přisuzovat	V
korunu	N
šachového	A
krále	N
.	Z

V	R
Londýně	N
nastoupí	V
Garri	N
Kasparov	N
proti	R
Nigelu	N
Shortovi	N
,	Z
v	R
dosud	D
neurčeném	A
nizozemském	A
městě	N
se	P
střetnou	V
Anatolij	N
Karpov	N
a	J
Jan	N
Timman	N
.	Z

Mistr	N
světa	N
Kasparov	N
,	Z
jak	J
známo	A
,	Z
nepřistoupil	V
na	R
finanční	A
podmínky	N
Mezinárodní	A
šachové	A
federace	N
(	Z
FIDE	N
)	Z
.	Z

K	R
němu	P
se	P
připojil	V
i	J
anglický	A
vyzývatel	N
Nigel	N
Short	N
a	J
FIDE	N
po	R
marném	A
jednání	N
oba	C
diskvalifikovala	V
.	Z

Právo	N
hrát	V
o	R
titul	N
tak	D
přešlo	V
na	R
další	A
dva	C
z	R
turnaje	N
kandidátů	N
-	Z
exmistra	N
světa	N
Karpova	N
a	J
Nizozemce	N
Timmana	N
.	Z

Triatlonistky	N
stávkovaly	V

Zlín	N
-	Z

Vítěz	N
11	C
.	Z
závodu	N
Českého	A
poháru	N
v	R
triatlonu	N
Tomáš	N
Kočař	N
z	R
Kepák	N
JOKO	N
týmu	N
Brno	N
získal	V
vzhledem	R
k	R
tomu	P
,	Z
že	J
Grand	A
Prix	N
Joko	N
měla	V
nejvyšší	A
koeficient	N
1.5	C
,	Z
plných	A
50	C
tisíc	C
korun	N
.	Z

Druhý	C
skončil	V
Seidl	N
,	Z
třetí	C
Slovák	N
Baran	N
.	Z

Start	N
závodu	N
na	R
luhačovické	A
přehradě	N
poznamenala	V
stávka	N
žen	N
,	Z
které	P
odmítly	V
nastoupit	V
k	R
závodu	N
kvůli	R
organizačním	A
zmatkům	N
(	Z
chyběla	V
sanitka	N
a	J
motocykly	N
pro	R
rozhodčí	N
,	Z
a	J
tak	J
se	P
start	N
o	R
hodinu	N
posunul	V
)	Z
.	Z

Po	R
plavání	N
vedl	V
Kočař	N
o	R
půl	N
minuty	N
před	R
Krňávkem	N
.	Z

Mitterrand	N
o	R
svém	P
postoji	N
k	R
Pétainovi	N

Paříž	N
-	Z

Někdejší	A
oddanost	N
současného	A
francouzského	A
prezidenta	N
Françoise	N
Mitterranda	N
kolaborantské	A
vládě	N
maršála	N
Pétaina	N
,	Z
který	P
byl	V
po	R
druhé	C
světové	A
válce	N
odsouzen	V
k	R
trestu	N
smrti	N
,	Z
je	V
hlavní	A
náplní	N
nové	A
knihy	N
Francouzské	A
mládí	N
,	Z
jež	P
se	P
právě	D
objevila	V
na	R
pultech	N
pařížských	A
obchodů	N
.	Z

Jejím	P
autorem	N
je	V
novinář	N
z	R
okruhu	N
prezidentových	A
známých	N
Pierre	N
Péan	N
.	Z

Dlouho	D
tajené	A
dokumenty	N
a	J
svědectví	N
odhalují	V
na	R
616	C
stranách	N
pravicové	A
a	J
nacionalistické	A
postoje	N
mladého	A
Mitterranda	N
před	R
válkou	N
,	Z
které	P
vyústily	V
v	R
jeho	P
dobrovolné	A
a	J
aktivní	A
zapojení	N
do	R
antisemitské	A
a	J
rasistické	A
politiky	N
francouzské	A
kolaborantské	A
vlády	N
se	R
sídlem	N
ve	R
Vichy	N
.	Z

Zahraniční	A
firmy	N
a	J
my	P

Americká	A
společnost	N
Westinghouse	N
vznikla	V
asi	T
před	R
100	C
lety	N
,	Z
kdy	D
se	P
začala	V
zabývat	V
produkcí	N
zařízení	N
na	R
výrobu	N
stejnosměrného	A
proudu	N
.	Z

V	R
současnosti	N
zaměstnává	V
kolem	R
100000	C
lidí	N
a	J
dosahuje	V
ročního	A
obratu	N
8	C
až	J
9	C
miliard	N
dolarů	N
.	Z

Přímo	D
působí	V
v	R
37	C
zemích	N
a	J
obchoduje	V
s	R
více	D
než	J
100	C
státy	N
.	Z

Sídlo	N
má	V
v	R
Pittsburghu	N
ve	R
státě	N
Pensylvánie	N
.	Z

Společnost	N
nyní	D
vyrábí	V
zařízení	N
pro	R
energetiku	N
,	Z
elektronické	A
systémy	N
a	J
zařízení	N
pro	R
ochranu	N
životního	A
prostředí	N
.	Z

Výrobní	A
program	N
doplňují	V
mobilní	A
chladící	A
zařízení	N
a	J
vysílací	A
televizní	A
technika	N
.	Z

Země	N
střední	A
a	J
východní	A
Evropy	N
do	R
ES	N
ve	R
vzdálenější	A
budoucnosti	N

Londýn	N
-	Z

Britské	A
zájmy	N
musí	V
zůstat	V
prvotní	A
i	J
při	R
členství	N
země	N
v	R
Evropském	A
společenství	N
,	Z
ale	J
její	P
rozhodování	N
musí	V
být	V
součástí	N
širšího	A
evropského	A
vývoje	N
,	Z
prohlásil	V
včera	D
na	R
mimořádném	A
zasedání	N
Dolní	A
sněmovny	N
britského	A
parlamentu	N
premiér	N
John	N
Major	N
.	Z

Uvedl	V
,	Z
že	J
mimořádný	A
summit	N
nejvyšších	A
představitelů	N
ES	N
se	P
uskuteční	V
16	C
.	Z
října	N
v	R
anglickém	A
Birminghamu	N
.	Z

Vyslovil	V
se	P
pro	R
rozšíření	N
evropské	A
dvanáctky	N
o	R
skandinávské	A
země	N
a	J
Rakousko	N
a	J
ve	R
vzdálenější	A
budoucnosti	N
o	R
země	N
střední	A
a	J
východní	A
Evropy	N
.	Z

Jedno	C
srdce	N
ptačí	A
,	Z
čtyři	C
kapky	N
žluči	N

(	Z
NLN	N
28	C
.	Z
1	C
.	Z
1995	C
)	Z

Uveřejňování	N
takových	P
článků	N
je	V
nesmírně	D
důležité	A
.	Z

Po	R
revoluci	N
se	P
s	R
různými	A
pavědami	N
a	J
šarlatánstvím	N
roztrhl	V
pytel	N
,	Z
což	P
chápu	V
,	Z
protože	J
jednak	J
byly	V
za	R
komunismu	N
zakázané	A
,	Z
a	J
tak	D
logicky	D
přitahovaly	V
,	Z
a	J
za	R
druhé	A
nabízejí	V
rychlá	A
a	J
snadná	A
řešení	N
a	J
vysvětlení	N
,	Z
což	P
se	P
hrozně	D
líbí	V
těm	P
,	Z
kteří	P
neradi	A
myslí	V
.	Z

Co	P
ale	J
nechápu	V
,	Z
proč	D
ve	R
stejné	A
době	N
vědy	N
a	J
osvěta	N
vyklidily	V
pole	N
,	Z
přesněji	D
vyklidily	V
stránky	N
novin	N
a	J
časopisů	N
a	J
stáhly	V
se	P
do	R
ústraní	N
.	Z

Manažer	N
Baníku	N
se	P
vzdal	V
funkce	N

Ostrava	N
-	Z

Manažer	N
fotbalového	A
klubu	N
Baník	N
Ostrava	N
Jan	N
Pavliska	N
se	P
vzdal	V
svého	P
členství	N
v	R
ligové	A
komisi	N
ČMFS	N
.	Z

"	Z
Nepovažuji	V
za	R
fair	A
play	N
,	Z
když	J
jsme	V
z	R
objektivních	A
důvodů	N
požádali	V
o	R
přeložení	N
ligového	A
utkání	N
s	R
Drnovicemi	N
a	J
předseda	N
ligové	A
komise	N
pan	N
Novák	N
naši	P
žádost	N
vůbec	D
nepředložil	V
k	R
projednání	N
,	Z
"	Z
uvedl	V
Pavliska	N
na	R
vysvětlenou	N
ke	R
své	P
demisi	N
.	Z

Pozornost	N
,	Z
dar	N
,	Z
etika	N

Je	V
to	P
zvláštní	A
a	J
těžké	A
rozhodování	N
při	R
obchodních	A
jednáních	N
:	Z

Co	P
je	V
pozornost	N
a	J
co	P
je	V
dar	N
?	Z

Jaká	P
je	V
mezi	R
nimi	P
hranice	N
?	Z

Přitom	D
všichni	P
víme	V
,	Z
že	J
vhodná	A
pozornost	N
dokáže	V
vytvořit	V
prostředí	N
důvěry	N
a	J
sympatie	N
,	Z
takže	J
určité	A
ledy	N
a	J
bariéry	N
rezervovanosti	N
se	P
rychleji	D
rozplynou	V
.	Z

V	R
dalších	A
řádcích	N
nebude	V
odkaz	N
na	R
žádný	P
zákon	N
a	J
paragraf	N
a	J
přesto	D
půjde	V
o	R
záležitost	N
nanejvýš	D
aktuální	A
a	J
citlivou	A
-	Z
o	R
podnikatelskou	A
etiku	N
.	Z

Je	V
darem	N
kytka	N
,	Z
tužka	N
,	Z
kalendář	N
,	Z
kravata	N
,	Z
dárkové	A
balení	N
vína	N
či	J
sada	N
skleniček	N
?	Z

Vina	N
ředitele	N
drah	N
je	V
sporná	A

Státní	A
zastupitelství	N
posuzuje	V
,	Z
zda	J
obžalovat	V
E	N
.	Z
Šípa	N

Praha	N
(	Z
jap	N
)	Z
-	Z

Generální	A
ředitel	N
Českých	A
drah	N
Emanuel	N
Šíp	N
zatím	D
neobdržel	V
žádné	P
oznámení	N
o	R
tom	P
,	Z
že	J
by	V
byl	V
obžalován	V
v	R
souvislosti	N
se	R
svým	P
jednáním	N
před	R
loni	D
připravovanou	A
stávkou	N
železničářů	N
.	Z

Nehodlá	V
se	P
tedy	D
vyjadřovat	V
k	R
informaci	N
,	Z
podle	R
níž	P
pražský	A
úřad	N
vyšetřování	N
dokončil	V
v	R
této	P
věci	N
šetření	N
a	J
předal	V
spis	N
městskému	A
státnímu	A
zastupitelství	N
s	R
návrhem	N
na	R
podání	N
obžaloby	N
.	Z

Krátce	D

Družstvo	N
českých	A
motoristů	N
obsadilo	V
při	R
Trialu	N
národů	N
v	R
Andoře	N
deváté	C
místo	N
,	Z
což	P
je	V
nejlepší	A
výsledek	N
v	R
historii	N
tohoto	P
odvětví	N
.	Z

Pětice	N
finských	A
vzpěračů	N
byla	V
svou	P
národní	A
federací	N
potrestána	V
za	R
doping	N
.	Z

Tříletý	A
zákaz	N
startu	N
dostali	V
Oravainen	N
,	Z
Viitala	N
,	Z
Parantainen	N
,	Z
Vepsalainen	N
a	J
Laitinen	N
.	Z

Všichni	P
měli	V
pozitivní	A
nález	N
během	R
testů	N
prováděných	A
v	R
dubnu	N
a	J
červnu	N
.	Z

Druhý	C
ročník	N
běhu	N
politiků	N
Špilberkem	N

Brno	N
-	Z

Již	D
několik	C
ministrů	N
a	J
poslanců	N
parlamentu	N
projevilo	V
zájem	N
startovat	V
ve	R
druhém	C
ročníku	N
běhu	N
Špilberkem	N
,	Z
který	P
se	P
uskuteční	V
15	C
.	Z
října	N
v	R
parku	N
tohoto	P
brněnského	A
hradu	N
.	Z

Podle	R
zástupců	N
pořádající	A
nadace	N
by	V
se	P
na	R
startu	N
měl	V
objevit	V
mj	D
.	Z
ministr	N
Zieleniec	N
,	Z
zastupitelé	N
Prahy	N
a	J
Bratislavy	N
a	J
herci	N
brněnských	A
divadel	N
.	Z

Pro	R
druhý	C
ročník	N
je	V
připraveno	V
pět	C
kategorií	N
-	Z
politici	N
do	R
45	C
let	N
a	J
nad	R
45	C
let	N
,	Z
osobnosti	N
,	Z
mezi	R
které	P
se	P
řadí	V
i	J
novináři	N
,	Z
a	J
dále	D
vysokoškolští	A
a	J
středoškolští	A
studenti	N
.	Z

ODS	N
se	P
podle	R
Petrové	N
obávala	V
prolomení	N
restituční	A
hranice	N

Praha	N
(	Z
mst	N
)	Z
-	Z

Přijetí	N
zákona	N
o	R
restitucích	N
židovského	A
majetku	N
v	R
podobě	N
,	Z
jakou	P
navrhoval	V
Viktor	N
Dobal	N
(	Z
ODA	N
)	Z
,	Z
by	V
podle	R
mluvčí	N
ODS	N
J	N
.	Z
Petrové	N
znamenalo	V
faktické	A
prolomení	N
restituční	A
hranice	N
dané	A
rokem	N
1948	C
.	Z

Mluvčí	N
tak	D
reagovala	V
na	R
otázku	N
LN	N
,	Z
proč	D
ODS	N
prosadila	V
do	R
zákona	N
pozměňovací	A
návrh	N
,	Z
jehož	P
schválením	N
mají	V
na	R
odškodnění	N
nárok	N
pouze	D
osoby	N
,	Z
které	P
přišly	V
o	R
majetek	N
z	R
důvodů	N
rasových	A
,	Z
a	J
ne	T
z	R
národnostních	A
a	J
politických	A
.	Z

Pole	N
pro	R
léčebnu	N
Kroměříž	N
(	Z
do	N
)	Z
-	Z

Navrácení	N
50	C
hektarů	N
polí	N
žádá	V
Psychiatrická	A
léčebna	N
v	R
Kroměříži	N
.	Z

Před	R
válkou	N
měla	V
léčebna	N
svou	P
farmu	N
,	Z
pěstovala	V
krávy	N
,	Z
prasata	N
,	Z
hospodařila	V
na	R
polích	N
,	Z
vedla	V
velké	A
zahradnictví	N
.	Z

V	R
padesátých	C
letech	N
komunisté	N
vše	P
zabavili	V
.	Z

Za	R
první	C
republiky	N
tohle	P
hospodářství	N
krylo	V
náklady	N
na	R
provoz	N
léčebny	N
přibližně	D
z	R
20	C
procent	N
.	Z

Pojišťovna	N
přispívala	V
30	C
procenty	N
,	Z
země	N
dalšími	A
30	C
procenty	N
,	Z
20	C
procent	N
si	P
platili	V
sami	P
pacienti	N
.	Z

Za	R
současného	A
stavu	N
,	Z
kdy	D
se	P
léčebna	N
potýká	V
s	R
obrovskými	A
finančními	A
potížemi	N
,	Z
by	V
ráda	A
znovu	D
obnovila	V
svoji	P
farmu	N
.	Z

Připlácení	N
ano	T
,	Z
ale	J
co	P
dál	D

Komentáře	N

Od	R
druhého	A
pololetí	N
by	V
si	P
měli	V
všichni	P
pacienti	N
nemocnic	N
s	R
výjimkou	N
dětí	N
připlácet	V
první	C
dva	C
týdny	N
hospitalizace	N
55	C
korun	N
denně	D
tak	D
říkajíc	V
na	R
byt	N
a	J
stravu	N
.	Z

Je	V
třeba	A
zdůraznit	V
:	Z
připlácet	V
a	J
nikoli	D
platit	V
.	Z

Navrhovaná	A
částka	N
je	V
totiž	D
jen	T
zlomkem	N
nákladů	N
,	Z
které	P
pobyt	N
v	R
nemocnicích	N
skutečně	D
stojí	V
.	Z

Ty	P
se	P
pohybují	V
kolem	R
šesti	C
set	N
korun	N
.	Z

Z	R
pojištění	N
dostanou	V
nemocnice	N
přibližně	D
tři	C
sta	N
.	Z

Ministerstvo	N
zdravotnictví	N
jim	P
proto	J
kromě	R
peněz	N
od	R
nemocných	N
slibuje	V
již	D
od	R
prvního	C
dubna	N
zvýšené	A
platby	N
od	R
pojišťoven	N
.	Z

Privatizace	N
nevylučuje	V
bankroty	N

Spláčou	V
dikové	N
,	Z
kteří	P
vložili	V
body	N
do	R
Masokombinátu	N
Kladno	N
,	Z
nad	R
výdělkem	N
?	Z

Přestože	J
představitelé	N
ministerstva	N
privatizace	N
a	J
FNM	N
slibovali	V
,	Z
že	J
do	R
druhé	A
privatizační	A
vlny	N
zařadí	V
pouze	D
kvalitní	A
a	J
perspektivní	A
podniky	N
,	Z
nyní	D
připouštějí	V
,	Z
že	J
některé	P
z	R
nich	P
mohou	V
v	R
relativně	D
krátké	A
době	N
zbankrotovat	V
.	Z

"	Z
Od	R
doby	N
výběru	N
a	J
zařazení	N
podniků	N
do	R
definitivní	A
nabídky	N
do	R
konce	N
vlny	N
uplynulo	V
více	D
než	J
tři	C
čtvrtě	N
roku	N
a	J
my	P
nemůžeme	V
vyloučit	V
,	Z
že	J
za	R
toto	P
období	N
nedošlo	V
k	R
posunu	N
v	R
hospodaření	N
podniku	N
,	Z
"	Z
uvedl	V
na	R
dotaz	N
LN	N
první	C
místopředseda	N
FNM	N
Petr	N
Čermák	N
.	Z

Rozruch	N
kolem	R
L	N
.	Z
Pittnera	N

Bratislava	N
(	Z
miš	N
)	Z
-	Z

Značný	A
rozruch	N
ve	R
slovenské	A
předvolební	A
atmosféře	N
vyvolalo	V
jmenování	N
nových	A
generálů	N
armády	N
a	J
policie	N
.	Z

Při	R
příležitosti	N
50	C
.	Z
výročí	N
Slovenského	A
národního	A
povstání	N
povýšil	V
prezident	N
Kováč	N
do	R
hodnosti	N
generálmajora	N
Ministerstva	N
vnitra	N
SR	N
i	J
současného	A
ministra	N
vnitra	N
Ladislava	N
Pittnera	N
.	Z

Jako	J
první	C
zareagovalo	V
HZDS	N
,	Z
které	P
Pittnerovo	A
jmenování	N
označilo	V
za	R
skandální	A
a	J
znevažující	A
památku	N
padlých	A
v	R
SNP	N
.	Z

Ve	R
světě	N
letos	D
méně	D
pšenice	N

Londýn	N
-	Z

Světová	A
rada	N
pro	R
pšenici	N
odhaduje	V
letošní	A
světový	A
obchod	N
pšenicí	N
na	R
95.8	C
milionu	N
tun	N
proti	R
předchozímu	A
odhadu	N
94.7	C
milionu	N
tun	N
.	Z

V	R
sezoně	N
1993	C
/	Z
94	C
dosáhl	V
světový	A
obchod	N
pšenicí	N
93.3	C
milionu	N
tun	N
,	Z
uvádí	V
agentura	N
Reuter	N
.	Z

Původní	A
údaje	N
byly	V
revidovány	V
zejména	D
s	R
ohledem	N
na	R
vyšší	A
dovoz	N
bývalého	A
Sovětského	A
svazu	N
,	Z
který	P
by	V
měl	V
dovézt	V
celkem	D
9.3	C
milionu	N
tun	N
pšenice	N
proti	R
původnímu	A
odhadu	N
8.5	C
milionu	N
tun	N
.	Z

Celá	A
řada	N
republik	N
SNS	N
bude	V
muset	V
letos	D
dovézt	V
další	A
množství	N
pšenice	N
ze	R
třetích	C
zemí	N
,	Z
zejména	D
pro	R
nedostatečnou	A
domácí	A
úrodu	N
a	J
nižší	A
produkci	N
Kazachstánu	N
.	Z

V	R
Bosně	N
a	J
Hercegovině	N
stále	D
pokračují	V
prudké	A
boje	N
ZRANĚNI	V
DVA	C
FRANCOUZŠTÍ	A
VOJÁCI	N

Sarajevo	N
-	Z

V	R
hlavním	A
městě	N
Bosny	N
a	J
Hercegoviny	N
byli	V
ve	R
středu	N
zraněni	V
dva	C
další	A
francouzští	A
příslušníci	N
ochranných	A
sil	N
OSN	N
(	Z
UNPROFOR	N
)	Z
.	Z

Na	R
více	D
místech	N
Bosny	N
a	J
Hercegoviny	N
včera	D
pokračovaly	V
boje	N
.	Z

Nejprudší	A
srážky	N
se	P
podle	R
dostupných	A
zpráv	N
nyní	D
odehrávají	V
v	R
centrální	A
části	N
republiky	N
kolem	R
Maglaje	N
a	J
v	R
oblasti	N
Bihače	N
v	R
západní	A
Bosně	N
.	Z

Srbské	A
zdroje	N
nehlásí	V
ze	R
Sarajeva	N
rozsáhlejší	A
ozbrojené	A
střety	N
.	Z

Bosenský	A
a	J
chorvatský	A
rozhlas	N
však	J
mezitím	D
informovaly	V
o	R
pokračujícím	A
ostřelování	N
metropole	N
srbskými	A
děly	N
.	Z

Referendum	N
jako	J
léčka	N

Petr	N
Dudek	N

Bosenští	A
Srbové	N
učinili	V
,	Z
co	P
předem	D
slibovali	V
.	Z

V	R
referendu	N
odmítli	V
navrhovanou	A
mapu	N
rozdělující	A
území	N
Bosny	N
a	J
Hercegoviny	N
.	Z

Před	R
kontaktní	A
skupinou	N
,	Z
spojující	A
čtveřici	N
západních	A
velmocí	N
a	J
Rusko	N
,	Z
tím	P
pádem	N
stojí	V
dvě	C
možnosti	N
.	Z

Jednak	J
může	V
mezinárodní	A
společenství	N
vyjít	V
vstříc	R
požadavkům	N
Radovana	N
Karadžiče	N
a	J
jeho	P
nacionalistické	A
kliky	N
a	J
začít	V
navrhovanou	A
mapu	N
překreslovat	V
tak	D
,	Z
aby	J
více	D
vyhovovala	V
poměrům	N
nastoleným	A
vojenskou	A
silou	N
.	Z

Jinými	A
slovy	N
,	Z
odměnit	V
bosenské	A
Srby	N
,	Z
kteří	P
nyní	D
ovládají	V
sedmdesát	C
procent	N
území	N
,	Z
za	R
jejich	P
agresi	N
.	Z

Rusko	N
zve	V
zahraniční	A
investory	N

Premiérův	A
návrh	N
láme	V
legislativu	N
i	J
tradiční	A
myšlení	N
Rusů	N

Určitá	A
stabilizace	N
hospodářského	A
života	N
v	R
Rusku	N
v	R
poslední	A
době	N
,	Z
v	R
porovnání	N
s	R
velice	D
neutěšenou	A
situací	N
před	R
několika	C
málo	C
lety	N
,	Z
zvětšuje	V
přitažlivost	N
této	P
postkomunistické	A
velmoci	N
pro	R
zahraniční	A
investory	N
.	Z

Mezinárodní	A
měnový	A
fond	N
kladně	D
hodnotí	V
pokles	N
inflace	N
,	Z
zreálnění	N
úrokových	A
sazeb	N
,	Z
postupující	A
privatizaci	N
a	J
restriktivní	A
politiku	N
Černomyrdinovy	A
vlády	N
,	Z
a	J
proto	J
letos	D
v	R
dubnu	N
uvolnil	V
Rusku	N
druhou	A
polovinu	N
slíbené	A
půjčky	N
ve	R
výši	N
tří	C
miliard	N
dolarů	N
.	Z

Tím	P
se	P
otevřel	V
kanál	N
i	J
pro	R
další	A
zahraniční	A
pomoci	N
ruské	A
ekonomice	N
.	Z

Nová	A
zdravotní	A
pojišťovna	N
upřednostňuje	V
prevenci	N

Praha	N
(	Z
pech	N
)	Z
-	Z

Prevence	N
,	Z
léčba	N
urgentních	A
stavů	N
a	J
rekondiční	A
i	J
rehabilitační	A
péče	N
jsou	V
základem	N
medicínského	A
programu	N
České	A
národní	A
zdravotní	A
pojišťovny	N
(	Z
ČNZP	N
)	Z
,	Z
která	P
v	R
září	N
oficiálně	D
zahájila	V
svou	P
činnost	N
.	Z

Její	P
ředitel	N
Jiří	N
Bek	N
řekl	V
,	Z
že	J
pojišťovna	N
nabízí	V
svým	P
klientům	N
princip	N
individuálního	A
účtu	N
.	Z

Vždy	D
v	R
lednu	N
jim	P
zašle	V
celkové	A
vyúčtování	N
.	Z

Podle	R
Pavla	N
Zacha	N
z	R
ČNZP	N
mají	V
prevenci	N
ve	R
svém	P
programu	N
všechny	P
pojišťovny	N
,	Z
ale	J
málokdo	P
v	R
posledních	A
letech	N
absolvoval	V
skutečně	D
důkladné	A
preventivní	A
vyšetření	N
.	Z

Přitom	D
například	D
většinu	N
zhoubných	A
nádorů	N
lze	V
při	R
včasném	A
podchycení	N
léčit	V
.	Z

Talichovci	N
v	R
Míčovně	N

Recenze	N

HUDBA	N
:	Z
Jméno	N
Talich	N
má	V
v	R
české	A
hudební	A
kultuře	N
výsadní	A
postavení	N
.	Z

Václav	N
Talich	N
má	V
v	R
naší	P
historii	N
podobnou	A
pozici	N
jako	J
Arturo	N
Toscanini	N
v	R
Itálii	N
,	Z
jeho	P
synovec	N
,	Z
violista	N
Jan	N
Talich	N
,	Z
založil	V
slavné	A
Talichovo	A
kvarteto	N
a	J
prasynovec	N
,	Z
houslista	N
Jan	N
Talich	N
,	Z
je	V
zakladatelem	N
ambiciózního	A
mladého	A
souboru	N
-	Z
Talichova	A
komorního	A
orchestru	N
.	Z

Dramaturgie	N
festivalu	N
Pocta	N
katedrále	N
pozvala	V
do	R
nádherného	A
prostředí	N
renesanční	A
Míčovny	N
na	R
Pražském	A
hradě	N
Talichovce	N
s	R
repertoárem	N
krásným	A
a	J
efektním	A
.	Z

Úvod	N
patřil	V
Orchestrálnímu	A
kvartetu	N
G	N
dur	N
prominentního	A
skladatele	N
mannheimské	A
školy	N
Karla	N
Stamice	N
.	Z

Slunce	N
vyjde	V
na	R
Západě	N
?	Z

Profit	N
přemýšlí	V
o	R
důsledcích	N
změn	N
v	R
evropské	A
ekonomice	N

Zdá	V
se	P
,	Z
že	J
hlasy	N
,	Z
nepřeceňující	A
vliv	N
stavu	N
západoevropských	A
ekonomik	N
na	R
ekonomiku	N
českou	A
,	Z
mají	V
racionální	A
jádro	N
-	Z
členy	N
Evropské	A
unie	N
nejsme	V
a	J
patrně	D
ani	J
dlouho	D
ještě	D
nebudeme	V
.	Z

A	J
míra	N
exportního	A
výkonu	N
,	Z
vztahující	A
objem	N
vývozu	N
na	R
jednoho	C
obyvatele	N
,	Z
je	V
žalostná	A
:	Z

Česká	A
ekonomika	N
vloni	D
vyvezla	V
zboží	N
za	R
zhruba	D
tisíc	N
dolarů	N
,	Z
když	J
srovnatelné	A
Portugalsko	N
dvakrát	C
,	Z
Itálie	N
třikrát	C
,	Z
Finsko	N
pětkrát	C
,	Z
Rakousko	N
šestkrát	C
a	J
země	N
Beneluxu	N
dokonce	D
asi	T
dvanáctkrát	C
více	D
.	Z

Jaroslav	N
Šulc	N

Rakušané	N
nezklamali	V

Recenze	N

HUDBA	N
:	Z
Několik	C
ministrů	N
,	Z
řada	N
velvyslanců	N
a	J
kulturních	A
radů	N
,	Z
vzorek	N
prelátů	N
a	J
šlechty	N
a	J
v	R
neposlední	A
řadě	N
i	J
paní	N
Havlová	N
byli	V
ozdobou	N
slavnostního	A
zakončení	N
festivalu	N
Pocta	N
katedrále	N
.	Z

Úspěšnou	A
tečku	N
skvěle	D
připraveného	A
festivalu	N
udělal	V
svým	P
vystoupením	N
Niederösterreichisches	A
Tonkünstlerorchester	N
,	Z
jenž	P
působí	V
ve	R
Vídni	N
a	J
v	R
Dolním	A
Rakousku	N
,	Z
a	J
dirigent	N
Alfred	N
Eschwé	N
.	Z

Úvodní	A
číslo	N
koncertu	N
,	Z
předehru	N
k	R
opeře	N
Don	N
Giovanni	N
W	N
.	Z
A	N
.	Z
Mozarta	N
,	Z
zahráli	V
Rakušané	N
velmi	D
dobře	D
,	Z
hra	N
měla	V
patřičný	A
švih	N
,	Z
barevnost	N
a	J
plasticitu	N
.	Z

Kolínská	A
mlékárna	N
nadále	D
ztrátová	A

Místo	R
sušárny	N
mléka	N
plánuje	V
podnik	N
zavedení	N
efektivnější	A
výroby	N
sýrů	N

Kolín	N
-	Z

Až	D
130	C
tisíc	C
litrů	N
mléka	N
vykoupí	V
denně	D
od	R
zemědělců	N
akciová	A
společnost	N
Kolínská	A
mlékárna	N
.	Z

Podle	R
včerejší	A
informace	N
výrobního	A
náměstka	N
Josefa	N
Knotka	N
jsou	V
určeny	V
pro	R
domácí	A
trh	N
výrobky	N
z	R
50	C
tisíc	C
litrů	N
mléka	N
.	Z

Ze	R
zbytku	N
suroviny	N
mlékárna	N
vyrábí	V
sušené	A
mléko	N
,	Z
které	P
vyváží	V
do	R
Asie	N
a	J
Jižní	A
Ameriky	N
.	Z

V	R
loňském	A
roce	N
dosáhla	V
firma	N
celkového	A
obratu	N
630	C
milionů	N
korun	N
,	Z
hospodařila	V
však	J
se	R
ztrátou	N
.	Z

Způsobil	V
ji	P
pokles	N
cen	N
sušeného	A
mléka	N
na	R
světových	A
trzích	N
.	Z

TOP	N
vytřídil	V
nejvýkonnější	A
české	A
firmy	N

Praha	N
-	Z

Žebříček	N
nejvýkonnějších	A
českých	A
firem	N
,	Z
který	P
by	V
měl	V
být	V
jedním	C
ze	R
základních	A
zdrojů	N
informací	N
při	R
rozhodování	N
o	R
investování	N
či	J
směrech	N
depozitní	A
politiky	N
významných	A
peněžních	A
ústavů	N
,	Z
připravuje	V
Sdružení	N
Czech	A
Top	A
100	C
.	Z

Vyplývá	V
to	P
z	R
rozhovoru	N
iniciátora	N
projektu	N
,	Z
generálního	A
ředitele	N
pražské	A
pobočky	N
ING	A
Bank	N
Jana	N
Struže	N
,	Z
pro	R
8	C
.	Z
číslo	N
Českomoravského	A
Profitu	N
.	Z

Při	R
sběru	N
a	J
zpracování	N
dat	N
sdružení	N
vychází	V
z	R
auditovaných	A
,	Z
oficiálně	D
publikovaných	A
čísel	N
v	R
databázích	N
Střediska	N
cenných	A
papírů	N
,	Z
pražské	A
burzy	N
,	Z
Podniku	N
výpočetní	A
techniky	N
,	Z
z	R
Obchodního	A
věstníku	N
i	J
rozhovorů	N
přímo	D
v	R
podnicích	N
.	Z

Těžké	A
zlehčování	N

Bezkonkurenčně	D
nejlevnější	A
ceny	N
najdete	V
u	R
nás	P
,	Z
Když	J
kvalita	N
-	Z
tak	D
jedině	D
od	R
nás	P
,	Z
Máme	V
největší	A
tradici	N
,	Z
Dobře	D
a	J
laciněji	D
nakoupíte	V
u	R
nás	P
.	Z

Takové	P
a	J
podobné	A
slogany	N
,	Z
upoutávky	N
,	Z
texty	N
inzerátů	N
můžete	V
číst	V
zatím	D
denně	D
.	Z

Protože	J
máme	V
vypěstovaný	A
určitý	A
obranný	A
reflex	N
proti	R
superlativům	N
a	J
sebechvále	N
,	Z
tak	D
jsme	V
proti	R
takovému	P
obsahu	N
částečně	D
imunní	A
.	Z

To	P
ovšem	J
nemohou	V
být	V
další	A
podnikatelé	N
v	R
oboru	N
,	Z
neboť	J
v	R
takových	P
případech	N
dochází	V
k	R
porušování	N
obchodního	A
zákoníku	N
.	Z

Příměří	N
vstoupilo	V
v	R
platnost	N

Irská	A
republikánská	A
armáda	N
vyhlášený	A
klid	N
zbraní	N
zatím	D
dodržuje	V

Belfast	N
/	Z
Londýn	N
-	Z

Příměří	N
,	Z
které	P
vyhlásila	V
Irská	A
republikánská	A
armáda	N
(	Z
IRA	N
)	Z
,	Z
vstoupilo	V
v	R
Severním	A
Irsku	N
v	R
platnost	N
včera	D
v	R
0.00	C
místního	A
času	N
.	Z

Stalo	V
se	P
tak	D
13	C
hodin	N
poté	D
,	Z
co	J
IRA	N
tento	P
svůj	P
krok	N
oznámila	V
.	Z

Podle	R
informací	N
policie	N
se	P
v	R
Belfastu	N
noc	N
na	R
včerejšek	N
obešla	V
bez	R
větších	A
incidentů	N
,	Z
kromě	R
výstřelů	N
,	Z
které	P
bylo	V
slyšet	V
ve	R
východní	A
části	N
města	N
.	Z

V	R
ulicích	N
stále	D
hlídkují	V
britští	A
vojáci	N
v	R
obrněných	A
vozidlech	N
.	Z

Rasisté	N
útočí	V
ve	R
skupinách	N

Praha	N
,	Z
Plzeň	N
(	Z
toh	N
,	Z
vet	N
)	Z
-	Z

Pod	R
vlivem	N
rasové	A
nesnášenlivosti	N
páchají	V
v	R
ČR	N
trestnou	A
činnost	N
hlavně	D
organizované	A
skupiny	N
.	Z

Nejčastěji	D
takto	D
útočí	V
deseti	C
až	J
třicetičlenné	A
party	N
pachatelů	N
.	Z

LN	N
to	P
řekla	V
poradkyně	N
náměstka	N
ministra	N
vnitra	N
pro	R
oblast	N
bezpečnosti	N
Jitka	N
Gjuričová	N
,	Z
autorka	N
zprávy	N
"	Z
Interetnické	A
konflikty	N
"	Z
.	Z

Právě	D
tento	P
čtvrtek	N
napadla	V
čtyřčlenná	A
skupina	N
mladíků	N
s	R
obušky	N
a	J
sečnou	A
zbraní	N
podobnou	A
mačetě	N
na	R
Centrálním	A
autobusovém	A
nádraží	N
v	R
Plzni	N
dva	C
Romy	N
.	Z

Při	R
útoku	N
utržil	V
dvaadvacetiletý	A
Rom	N
sečnou	A
ránu	N
do	R
krku	N
.	Z

Přihlížející	A
přivolali	V
lékaře	N
a	J
ihned	D
poté	D
policii	N
.	Z

Odchod	N
ze	R
SRN	N
-	Z
konec	N
i	J
počátek	N

Helmut	N
Kohl	N
:	Z
Budoucnost	N
Evropy	N
jen	T
v	R
součinnosti	N
s	R
Ruskem	N

Berlín	N
-	Z

Včerejší	A
den	N
je	V
posledním	A
dnem	N
minulosti	N
a	J
naším	P
úsilím	N
se	P
může	V
stát	V
prvním	C
dnem	N
společné	A
budoucnosti	N
.	Z

Současně	D
je	V
to	P
den	N
definitivního	A
usmíření	N
,	Z
řekl	V
včera	D
v	R
Berlíně	N
při	R
slavnostním	A
ukončení	N
odchodu	N
ruských	A
vojsk	N
z	R
Německa	N
ruský	A
prezident	N
Boris	N
Jelcin	N
.	Z

Vyzdvihl	V
podíl	N
sovětských	A
vojsk	N
na	R
porážce	N
třetí	C
říše	N
a	J
pak	D
dodal	V
:	Z
Už	D
nikdy	D
nesmíme	V
připustit	V
nové	A
rozdělení	N
Evropy	N
.	Z

Ruští	A
vojáci	N
se	P
vracejí	V
domů	D
přesvědčeni	V
,	Z
že	J
Rusku	N
už	D
nikdy	D
nebude	V
z	R
německé	A
půdy	N
hrozit	V
nebezpečí	N
.	Z

Policie	N
zadržela	V
Kolumbijce	N
,	Z
který	P
pašoval	V
dva	C
kilogramy	N
kokainu	N

Praha	N
-	Z

Dva	C
kilogramy	N
kokainu	N
zadrželi	V
celníci	N
v	R
pátek	N
na	R
ruzyňském	A
letišti	N
v	R
Praze	N
.	Z

Informoval	V
o	R
tom	P
vedoucí	N
protidrogového	A
oddělení	N
Generálního	A
ředitelství	N
cel	N
Bohumír	N
Marek	N
.	Z

Droga	N
,	Z
která	P
má	V
na	R
černém	A
trhu	N
hodnotu	N
asi	T
4.5	C
miliónu	N
korun	N
,	Z
byla	V
nalezena	V
v	R
zavazadle	N
kolumbijského	A
občana	N
.	Z

Ten	P
na	R
pražské	A
letiště	N
přicestoval	V
letadlem	N
pravidelné	A
linky	N
Bogota	N
-	Z
Frankfurt	N
-	Z
Praha	N
.	Z

Drogu	N
měl	V
podle	R
Marka	N
ukrytou	A
ve	R
dvojitých	A
stěnách	N
skořepinového	A
kufru	N
.	Z

Na	R
odhalení	N
s	R
celníky	N
spolupracovali	V
pracovníci	N
protidrogové	A
brigády	N
Policie	N
ČR	N
.	Z

Co	P
dál	D
s	R
Českým	A
pohárem	N
?	Z

Český	A
pohár	N
ve	R
volejbalu	N
letos	D
probíhal	V
jako	J
okrajová	A
záležitost	N
,	Z
které	P
se	P
nezúčastnila	V
ani	J
celá	A
naše	P
špička	N
.	Z

V	R
několika	C
případech	N
se	P
kvůli	R
nedostatku	N
termínů	N
do	R
poháru	N
započítaly	V
výsledky	N
ligových	A
zápasů	N
a	J
teprve	D
sobotní	A
finále	N
v	R
Ústí	N
nad	R
Labem	N
(	Z
o	R
jeho	P
průběhu	N
píšeme	V
na	R
jiném	A
místě	N
)	Z
mělo	V
důstojnou	A
úroveň	N
.	Z

Co	P
dál	D
s	R
Českým	A
pohárem	N
?	Z

o	R
to	P
jsme	V
se	P
zajímali	V
v	R
sobotu	N
v	R
Ústí	N
.	Z

Za	R
záchranou	N
bez	R
prémií	N

Drnovice	N
mají	V
stadión	N
srovnatelný	A
jen	T
s	R
Letnou	N

Drnovice	N
-	Z

Jedině	D
záchrana	N
-	Z
takové	P
heslo	N
platí	V
pro	R
celou	A
jarní	A
část	N
ligy	N
v	R
Drnovicích	N
.	Z

Žádné	P
zvláštní	A
prémie	N
přitom	D
klub	N
nevypsal	V
.	Z

"	Z
Když	J
udělám	V
chybu	N
,	Z
napravím	V
ji	P
a	J
jedu	V
dál	D
,	Z
nemyslíte	V
?	Z
"	Z
konstatoval	V
řečnicky	D
předseda	N
správní	A
rady	N
FC	N
Petra	N
Drnovice	N
a	J
generální	A
ředitel	N
Chemapolu	N
Václav	N
Junek	N
.	Z

Velké	A
předsezónní	A
ambice	N
oddílu	N
vyústily	V
zatím	D
jen	T
v	R
předposlední	A
místo	N
po	R
podzimní	A
části	N
ligy	N
.	Z

Žádné	P
velké	A
zemětřesení	N
to	P
ovšem	J
v	R
klubu	N
nepřineslo	V
.	Z

Major	N
je	V
proti	R
pevnému	A
jádru	N

Leiden	N
-	Z

Proti	R
ideji	N
dvourychlostní	A
Evropské	A
unie	N
se	P
včera	D
vyslovil	V
britský	A
premiér	N
John	N
Major	N
.	Z

Reagoval	V
tak	D
na	R
výroky	N
německých	A
a	J
francouzských	A
politiků	N
o	R
potřebě	N
vzniku	N
pevného	A
jádra	N
EU	N
na	R
ose	N
Paříž	N
-	Z
Bonn	N
.	Z

Podle	R
Majora	N
je	V
v	R
pořádku	N
,	Z
když	J
se	P
některé	P
státy	N
nebo	J
skupiny	N
států	N
dohodnou	V
v	R
určitých	A
oblastech	N
na	R
rychlejší	A
integraci	N
než	J
jiné	A
.	Z

Všechny	P
však	J
musejí	V
mít	V
právo	N
si	P
vybrat	V
.	Z

Rozhodnout	V
se	P
o	R
neúčasti	N
je	V
jedna	C
věc	N
.	Z

Něco	P
jiného	A
však	J
je	V
být	V
možnosti	N
se	P
účastnit	V
zbaven	V
.	Z

Ames	N
našeho	P
agenta	N
KGB	N
asi	T
nevydal	V

Praha	N
-	Z

Ministr	N
vnitra	N
Jan	N
Ruml	N
nechce	V
vzhledem	R
k	R
probíhajícímu	A
šetření	N
komentovat	V
tvrzení	N
,	Z
že	J
bývalý	A
funkcionář	N
CIA	N
A	N
.	Z
Ames	N
,	Z
který	P
se	P
přiznal	V
k	R
dlouholeté	A
spolupráci	N
s	R
KGB	N
,	Z
vydal	V
Sovětům	N
jednoho	C
československého	A
agenta	N
CIA	N
.	Z

Ames	N
se	P
nyní	D
nachází	V
ve	R
vězení	N
.	Z

Vydání	N
našeho	P
agenta	N
prý	T
naznačuje	V
dopis	N
KGB	N
pro	R
Amese	N
,	Z
který	P
zabavila	V
americká	A
FBI	N
.	Z

Podle	R
ministerstva	N
vnitra	N
Ames	N
nepřišel	V
s	R
československými	A
polistopadovými	A
tajnými	A
službami	N
vůbec	D
do	R
styku	N
.	Z

Dny	N
americké	A
kultury	N
otevře	V
etnologie	N

Slavnostním	A
zahájením	N
expozice	N
Kouzlo	N
dřeva	N
dnes	D
v	R
libereckém	A
Severočeském	A
muzeu	N
začínají	V
Dny	N
americké	A
kultury	N
.	Z

Zúčastní	V
se	P
ho	P
i	J
ředitel	N
Schenka	N
z	R
Muzea	N
umění	N
Jihu	N
z	R
Mobile	N
v	R
Alabamě	N
,	Z
které	P
putovní	A
výstavu	N
připravilo	V
.	Z

Jedná	V
se	P
o	R
dřevěné	A
nádoby	N
,	Z
figurky	N
,	Z
vázy	N
a	J
mísy	N
,	Z
při	R
jejichž	P
tvorbě	N
se	P
nechali	V
američtí	A
tvůrci	N
inspirovat	V
hlavně	D
tradičními	A
indiánskými	A
technikami	N
.	Z

Obdivuhodná	A
je	V
už	D
sama	P
struktura	N
dřeva	N
.	Z

Umělci	N
pracovali	V
s	R
ebenem	N
,	Z
sekvojí	N
a	J
jinými	A
tropickými	A
dřevinami	N
,	Z
řekl	V
LN	N
ředitel	N
Severočeského	A
muzea	N
v	R
Liberci	N
Alois	N
Čvančara	N
.	Z

Evropa	N
nabízí	V
určité	A
jistoty	N
,	Z
jejich	P
věrohodnost	N
je	V
ale	J
malá	A

komentáře	N

Evropa	N
nabízí	V
určité	A
jistoty	N
,	Z
jejich	P
věrohodnost	N
je	V
ale	J
malá	A

STOJÍME	V
NA	R
HISTORICKÉM	A
ROZHRANÍ	N

Pohled	N
na	R
výsledky	N
nedělního	A
francouzského	A
referenda	N
nechtěně	D
vyvolává	V
vzpomínky	N
na	R
léta	N
studené	A
války	N
.	Z

Stála	V
miliardy	N
dolarů	N
,	Z
nebyla	V
založena	V
na	R
žádném	P
racionálním	A
základě	N
,	Z
ale	J
vzešlo	V
z	R
ní	P
něco	P
,	Z
co	P
dnes	D
postrádáme	V
.	Z

Sice	D
rozdělená	A
,	Z
ale	J
klidná	A
Evropa	N
.	Z

Krach	N
komunistického	A
systému	N
,	Z
následný	A
demokratizační	A
proces	N
ve	R
východoevropských	A
zemích	N
i	J
složitě	D
pokračující	A
integrace	N
západní	A
části	N
kontinentu	N
nám	P
představují	V
Evropu	N
novou	A
.	Z

Přepravci	N
nebezpečných	A
látek	N
od	R
srpna	N
pod	R
zostřeným	A
dohledem	N

Praha	N
(	Z
mrk	N
)	Z
-	Z

Zvýšit	V
bezpečnost	N
přepravy	N
nebezpečných	A
látek	N
je	V
cílem	N
prováděcí	A
vyhlášky	N
ministerstva	N
dopravy	N
,	Z
která	P
nabyla	V
platnosti	N
1	C
.	Z
srpna	N
tohoto	P
roku	N
současně	D
s	R
novým	A
zákonem	N
o	R
silniční	A
přepravě	N
.	Z

Jak	D
LN	N
informoval	V
Jaroslav	N
Opletal	N
ze	R
silničního	A
odboru	N
ministerstva	N
dopravy	N
,	Z
touto	P
vyhláškou	N
se	P
v	R
ČR	N
zavádí	V
platnost	N
ustanovení	N
Evropské	A
dohody	N
o	R
mezinárodní	A
silniční	A
přepravě	N
nebezpečných	A
věcí	N
(	Z
ADR	N
)	Z
i	J
do	R
vnitrostátní	A
přepravy	N
.	Z

ČR	N
přistoupila	V
k	R
této	P
dohodě	N
již	D
v	R
roce	N
1987	C
,	Z
ovšem	J
pouze	D
v	R
oblasti	N
přepravy	N
mezinárodní	A
.	Z

Alžírští	A
extremisté	N
vyhrožují	V
Maroku	N

Alžír	N
-	Z

Islámští	A
fundamentalisté	N
z	R
Alžírska	N
včera	D
zveřejnili	V
výhrůžku	N
na	R
adresu	N
Maroka	N
,	Z
že	J
sáhnou	V
k	R
násilí	N
,	Z
budou	V
-	Z
li	T
Alžířané	N
v	R
Marockém	A
království	N
vystaveni	V
špatnému	A
zacházení	N
.	Z

Výhrůžku	N
vydala	V
Islámská	A
fronta	N
spásy	N
(	Z
FIS	N
)	Z
,	Z
jejíž	P
zákaz	N
po	R
volbách	N
v	R
roce	N
1992	C
vyvolal	V
v	R
Alžírsku	N
katastrofální	A
vlnu	N
násilí	N
a	J
teroru	N
.	Z

Maroko	N
včera	D
poněkud	D
zmírnilo	V
svou	P
vízovou	A
politiku	N
vůči	R
Alžířanům	N
,	Z
když	J
v	R
několika	C
marockých	A
městech	N
zazněly	V
hrozby	N
pumových	A
atentátů	N
.	Z

Sud	N
piva	N
za	R
Everest	N

Teplice	N
nad	R
Metují	N
(	Z
tom	N
)	Z
-	Z

Hlavní	A
cenu	N
na	R
11	C
.	Z
ročníku	N
mezinárodního	A
Festivalu	N
horolezeckých	A
filmů	N
získal	V
podle	R
očekávání	N
australský	A
snímek	N
Everest	N
-	Z
Od	R
moře	N
na	R
vrchol	N
.	Z

Putování	N
horolezce	N
Tima	N
Mac	N
Cartneyho	N
od	R
mořské	A
hladiny	N
až	T
na	R
nejvyšší	A
vrchol	N
světa	N
zaujalo	V
jak	D
nápadem	N
,	Z
tak	D
filmovým	A
zpracováním	N
.	Z

Tento	P
snímek	N
získal	V
kromě	R
stylizované	A
keramické	A
jabloně	N
i	J
cenu	N
diváků	N
-	Z
sud	N
piva	N
.	Z

Vzhledem	R
ke	R
vzdálenosti	N
pátého	C
kontinentu	N
byla	V
po	R
slavnostním	A
vyhlášení	N
tato	P
cena	N
zkonzumována	V
návštěvníky	N
.	Z

Po	R
tříleté	A
pauze	N
se	P
obnovená	A
akce	N
v	R
klínu	N
Teplicko	A
-	Z
adršpašských	A
skal	N
konala	V
v	R
lehce	D
pozměněné	A
podobě	N
.	Z

Mečiar	N
chce	V
prý	T
nového	A
ředitele	N
SIS	N

Bratislava	N
-	Z

Na	R
minulém	A
jednání	N
vlády	N
SR	N
měl	V
být	V
schválen	V
návrh	N
na	R
odvolání	N
šéfa	N
slovenské	A
tajné	A
služby	N
SIS	N
Vladimíra	N
Mitra	N
,	Z
s	R
tím	P
,	Z
že	J
na	R
jeho	P
místo	N
navrhl	V
Mečiarův	A
kabinet	N
jmenovat	V
Ivana	N
Lexu	N
.	Z

Vyplývá	V
to	P
z	R
dobře	D
informovaných	A
zdrojů	N
LN	N
,	Z
které	P
si	P
nepřály	V
být	V
jmenovány	V
.	Z

Kancelář	N
prezidenta	N
oficiálně	D
návrh	N
na	R
Lexovo	A
jmenování	N
zatím	D
neobdržela	V
,	Z
ale	J
i	J
zde	D
o	R
této	P
personální	A
výměně	N
již	D
věděli	V
.	Z

Zlatým	A
profesionálem	N
Leblanc	N

Český	A
cyklista	N
Lom	N
mistrovský	A
závod	N
nedojel	V

Agrigento	N
-	Z

Pro	R
nejcennější	A
medaili	N
si	P
na	R
MS	N
v	R
Agrigentu	N
na	R
Sicílii	N
dojel	V
v	R
silničním	A
cyklistickém	A
závodě	N
profesionálů	N
osmadvacetiletý	A
Francouz	N
Luc	N
Leblanc	N
,	Z
který	P
v	R
závěrečném	A
stoupání	N
ukázal	V
domácím	A
závodníkům	N
záda	N
.	Z

Na	R
stříbrný	A
stupeň	N
vystoupil	V
Ital	N
Claudio	N
Chiappucci	N
a	J
bronz	N
putuje	V
zásluhou	N
Richarda	N
Virenqueho	N
rovněž	D
do	R
Francie	N
.	Z

Jediný	A
český	A
zástupce	N
Luboš	N
Lom	N
vzdal	V
ve	R
13	C
.	Z
kole	N
z	R
19	C
(	Z
251.75	C
km	N
)	Z
.	Z

Dvě	C
stě	N
tisíc	N
příznivců	N
si	P
nepřipouštělo	V
jinou	A
možnost	N
než	J
vítězství	N
Chippucciho	N
,	Z
Pantaniho	N
,	Z
Furlana	N
či	J
někoho	P
dalšího	A
z	R
dvanáctky	N
squadry	N
azzury	N
.	Z

Nezletilí	A
stříleli	V
po	R
lidech	N

Choceň	N
(	Z
jop	N
)	Z
-	Z

Jak	J
včera	D
oznámila	V
ústeckoorlická	A
policie	N
,	Z
stříleli	V
o	R
posledních	A
dvou	C
prázdninových	A
dnech	N
dva	C
čtrnáctiletí	A
chlapci	N
ze	R
vzduchovky	N
namísto	R
do	R
terčů	N
po	R
lidech	N
.	Z

Stříleli	V
po	R
cyklistech	N
,	Z
z	R
nichž	P
dva	C
zasáhli	V
.	Z

Ti	P
ošetření	N
nepotřebovali	V
.	Z

Hůře	D
bylo	V
druhý	C
den	N
.	Z

To	P
si	P
jeden	C
ze	R
střelců	N
počínal	V
tak	D
obratně	D
,	Z
že	J
zasáhl	V
cyklistku	N
-	Z
důchodkyni	N
do	R
předloktí	N
a	J
zranění	N
si	P
vyžádá	V
dvoutýdenní	A
léčení	N
,	Z
řekl	V
LN	N
tiskový	A
mluvčí	N
Karel	N
Hampl	N
.	Z

